Magnitude Prediction,Actual Magnitude,Total Injuries Prediction,Actual Injuries,Total Damage Prediction (Million Dollars),Actual Damage(Million Dollars),Predicted Total Deaths,Actual Total Deaths,House Destroyed Prediction ,Actual House Destroyed
7,7,0,7,0,7,0,7,0,7
5,3,1,3,0,3,0,3,0,3
7,6,1,6,0,6,0,6,0,6
6,6,0,6,0,6,0,6,0,6
6,7,4,7,100,7,200,7,0,7
0,0,0,0,0,0,0,0,0,0
0,0,0,0,0,0,0,0,0,0
6,6,1,6,0,6,1,6,0,6
6,5,0,5,0,5,0,5,0,5
0,0,0,0,0,0,0,0,0,0
5,5,0,5,0,5,0,5,0,5
7,6,1,6,0,6,1,6,0,6
6,7,0,7,0,7,290,7,0,7
7,7,0,7,0,7,0,7,0,7
0,0,0,0,0,0,0,0,0,0
0,4,0,4,0,4,0,4,0,4
6,6,0,6,0,6,0,6,0,6
5,7,4,7,0,7,7,7,0,7
0,0,0,0,0,0,0,0,0,0
6,7,0,7,0,7,0,7,0,7
0,0,0,0,0,0,0,0,0,0
0,0,0,0,0,0,0,0,0,0
0,0,0,0,0,0,0,0,0,0
7,8,0,8,0,8,0,8,0,8
0,0,0,0,0,0,0,0,0,0
0,0,0,0,0,0,0,0,0,0
7,4,0,4,0,4,0,4,0,4
7,8,4,8,0,8,18,8,0,8
0,6,0,6,0,6,0,6,0,6
0,7,0,7,0,7,0,7,0,7
5,7,1,7,0,7,0,7,187,7
0,7,0,7,0,7,0,7,0,7
7,7,0,7,0,7,0,7,0,7
7,8,0,8,25,8,42578,8,0,8
7,7,0,7,0,7,0,7,0,7
6,5,0,5,0,5,0,5,0,5
7,6,0,6,0,6,0,6,0,6
7,7,0,7,0,7,0,7,0,7
5,5,1,5,0,5,0,5,0,5
0,0,0,0,0,0,0,0,0,0
6,5,0,5,0,5,0,5,0,5
6,7,0,7,0,7,0,7,0,7
7,7,0,7,0,7,0,7,0,7
4,5,0,5,0,5,0,5,0,5
4,4,0,4,0,4,0,4,0,4
6,7,0,7,0,7,0,7,0,7
7,7,0,7,0,7,0,7,0,7
0,6,0,6,0,6,0,6,0,6
4,6,0,6,0,6,0,6,0,6
0,0,0,0,0,0,0,0,0,0
0,0,0,0,0,0,0,0,0,0
5,5,1,5,0,5,0,5,0,5
6,6,0,6,0,6,0,6,10000,6
5,4,0,4,0,4,0,4,0,4
0,0,0,0,0,0,0,0,0,0
6,7,0,7,0,7,0,7,0,7
7,6,0,6,0,6,0,6,0,6
6,4,0,4,0,4,0,4,0,4
7,7,3,7,0,7,0,7,0,7
4,3,0,3,0,3,0,3,0,3
7,6,0,6,0,6,0,6,0,6
0,6,0,6,0,6,0,6,0,6
6,7,4,7,0,7,2311,7,0,7
0,7,0,7,0,7,0,7,0,7
6,0,0,0,0,0,0,0,0,0
0,0,0,0,0,0,0,0,0,0
0,0,0,0,0,0,0,0,0,0
7,7,0,7,0,7,0,7,0,7
7,0,0,0,0,0,0,0,0,0
5,5,0,5,0,5,0,5,0,5
7,7,0,7,0,7,0,7,0,7
0,0,0,0,0,0,0,0,0,0
0,0,0,0,0,0,0,0,0,0
0,6,0,6,0,6,0,6,0,6
5,5,0,5,0,5,0,5,0,5
4,4,1,4,5,4,319,4,10762,4
0,0,0,0,0,0,0,0,0,0
5,5,1,5,0,5,0,5,0,5
0,7,0,7,0,7,0,7,0,7
6,6,0,6,0,6,0,6,0,6
5,4,0,4,0,4,0,4,0,4
6,6,3,6,100,6,4,6,0,6
4,4,1,4,0,4,0,4,0,4
0,7,0,7,0,7,0,7,0,7
0,7,0,7,0,7,0,7,0,7
7,7,0,7,0,7,0,7,0,7
7,7,0,7,0,7,0,7,0,7
0,0,0,0,0,0,0,0,0,0
0,0,0,0,0,0,0,0,0,0
0,0,0,0,0,0,0,0,0,0
6,6,0,6,0,6,0,6,0,6
0,0,0,0,0,0,0,0,0,0
6,7,0,7,0,7,0,7,0,7
2,7,1,7,510,7,279,7,526,7
0,5,0,5,0,5,0,5,0,5
7,7,0,7,0,7,0,7,0,7
7,6,0,6,0,6,0,6,0,6
0,0,0,0,0,0,0,0,0,0
0,0,0,0,0,0,0,0,0,0
0,6,0,6,0,6,0,6,0,6
7,6,0,6,0,6,0,6,0,6
4,4,0,4,0,4,0,4,0,4
7,5,0,5,0,5,0,5,0,5
0,0,0,0,0,0,0,0,0,0
0,0,0,0,0,0,0,0,0,0
0,0,0,0,0,0,0,0,0,0
6,6,4,6,0,6,238,6,0,6
0,0,0,0,0,0,0,0,0,0
6,5,3,5,0,5,1,5,0,5
5,6,0,6,0,6,0,6,0,6
6,6,0,6,0,6,0,6,0,6
0,7,0,7,0,7,0,7,0,7
6,6,0,6,0,6,0,6,0,6
0,7,0,7,0,7,0,7,0,7
0,0,0,0,0,0,0,0,0,0
0,6,0,6,0,6,0,6,0,6
6,7,0,7,0,7,0,7,0,7
0,0,0,0,0,0,0,0,0,0
7,7,0,7,0,7,0,7,0,7
4,4,1,4,0,4,0,4,0,4
7,7,0,7,0,7,0,7,0,7
6,5,0,5,0,5,0,5,0,5
0,0,0,0,0,0,0,0,0,0
0,0,0,0,0,0,0,0,0,0
7,6,1,6,0,6,1,6,0,6
5,5,0,5,0,5,0,5,0,5
0,0,0,0,0,0,0,0,0,0
0,5,0,5,0,5,0,5,0,5
6,7,0,7,0,7,0,7,0,7
0,6,0,6,0,6,0,6,0,6
5,5,0,5,0,5,0,5,0,5
7,7,0,7,0,7,0,7,0,7
0,0,0,0,0,0,0,0,0,0
0,6,0,6,0,6,0,6,0,6
7,7,0,7,0,7,0,7,0,7
7,7,4,7,0,7,5000,7,12000,7
7,5,0,5,0,5,0,5,0,5
0,0,0,0,0,0,0,0,0,0
5,6,1,6,0,6,0,6,0,6
5,6,1,6,0,6,0,6,0,6
0,5,0,5,0,5,0,5,0,5
0,0,0,0,0,0,0,0,0,0
5,5,1,5,0,5,0,5,0,5
0,6,0,6,0,6,0,6,0,6
6,6,0,6,0,6,0,6,0,6
0,0,0,0,0,0,0,0,0,0
7,5,4,5,48,5,3,5,29230,5
0,4,0,4,0,4,0,4,0,4
0,7,0,7,0,7,0,7,0,7
7,6,4,6,43,6,5,6,0,6
6,5,0,5,0,5,0,5,0,5
0,6,0,6,0,6,0,6,0,6
7,6,0,6,0,6,0,6,0,6
6,7,0,7,0,7,0,7,0,7
7,7,0,7,0,7,0,7,0,7
7,7,0,7,0,7,0,7,0,7
0,0,0,0,0,0,0,0,0,0
0,7,0,7,0,7,0,7,0,7
5,0,0,0,0,0,0,0,0,0
7,5,0,5,0,5,0,5,0,5
6,7,0,7,0,7,0,7,0,7
5,6,1,6,0,6,1989,6,0,6
6,6,1,6,0,6,0,6,0,6
0,6,0,6,0,6,0,6,0,6
6,7,0,7,0,7,0,7,0,7
4,4,0,4,0,4,0,4,0,4
0,7,0,7,0,7,0,7,0,7
6,5,0,5,0,5,0,5,0,5
7,7,0,7,0,7,80000,7,0,7
0,0,0,0,0,0,0,0,0,0
4,5,0,5,0,5,0,5,0,5
0,0,0,0,0,0,0,0,0,0
0,0,0,0,0,0,0,0,0,0
6,8,0,8,0,8,0,8,0,8
7,6,0,6,0,6,0,6,0,6
0,0,0,0,0,0,0,0,0,0
0,7,0,7,0,7,0,7,0,7
6,5,0,5,0,5,0,5,0,5
0,5,0,5,0,5,0,5,0,5
6,5,1,5,0,5,0,5,0,5
0,0,0,0,0,0,0,0,0,0
0,0,0,0,0,0,0,0,0,0
7,4,0,4,0,4,0,4,0,4
6,7,4,7,100,7,2000,7,0,7
6,7,1,7,0,7,0,7,0,7
5,5,1,5,0,5,0,5,0,5
6,7,0,7,0,7,0,7,0,7
7,7,0,7,0,7,0,7,0,7
0,0,0,0,0,0,0,0,0,0
6,6,0,6,0,6,0,6,0,6
0,0,0,0,0,0,0,0,0,0
0,0,0,0,0,0,0,0,0,0
5,7,0,7,0,7,0,7,0,7
6,6,0,6,0,6,0,6,0,6
6,6,4,6,500,6,299,6,22399,6
0,0,0,0,0,0,1,0,0,0
0,6,0,6,0,6,0,6,0,6
5,5,1,5,0,5,0,5,0,5
0,6,0,6,0,6,0,6,0,6
7,7,0,7,0,7,0,7,0,7
5,6,0,6,0,6,0,6,0,6
0,0,0,0,0,0,0,0,0,0
0,0,0,0,0,0,0,0,0,0
6,8,3,8,0,8,400,8,0,8
0,5,0,5,0,5,0,5,0,5
5,6,0,6,0,6,0,6,0,6
0,6,0,6,0,6,480,6,0,6
7,8,1,8,0,8,3,8,3600,8
0,0,0,0,0,0,0,0,0,0
0,0,0,0,0,0,0,0,0,0
5,5,1,5,0,5,0,5,187,5
6,8,3,8,0,8,4,8,0,8
7,5,0,5,0,5,0,5,75000,5
0,0,0,0,0,0,0,0,0,0
0,8,0,8,0,8,0,8,0,8
0,6,0,6,0,6,0,6,0,6
0,5,0,5,0,5,0,5,0,5
6,6,4,6,300,6,350,6,0,6
0,0,0,0,0,0,0,0,0,0
0,0,0,0,0,0,0,0,0,0
6,7,0,7,0,7,0,7,0,7
6,6,0,6,0,6,0,6,0,6
0,0,0,0,0,0,0,0,0,0
6,7,0,7,0,7,0,7,0,7
0,0,0,0,0,0,0,0,0,0
7,5,0,5,0,5,0,5,0,5
0,0,0,0,0,0,0,0,0,0
0,6,0,6,0,6,0,6,0,6
6,4,1,4,0,4,0,4,0,4
6,6,1,6,0,6,0,6,0,6
0,0,0,0,0,0,0,0,0,0
7,5,0,5,0,5,0,5,0,5
0,0,0,0,0,0,0,0,0,0
0,4,0,4,0,4,0,4,0,4
7,6,0,6,0,6,0,6,0,6
0,0,0,0,0,0,0,0,0,0
7,7,0,7,0,7,0,7,0,7
0,0,0,0,0,0,0,0,0,0
7,4,0,4,0,4,0,4,0,4
0,6,0,6,0,6,0,6,0,6
0,5,0,5,0,5,0,5,0,5
0,7,0,7,0,7,0,7,0,7
0,0,0,0,0,0,16000,0,0,0
7,6,3,6,0,6,4,6,0,6
6,7,0,7,0,7,0,7,0,7
7,7,0,7,0,7,0,7,0,7
0,0,0,0,0,0,0,0,0,0
0,0,0,0,0,0,0,0,0,0
6,7,0,7,0,7,0,7,0,7
7,6,4,6,300,6,306,6,0,6
6,6,1,6,0,6,0,6,0,6
6,8,0,8,0,8,0,8,0,8
0,0,0,0,0,0,0,0,0,0
5,5,1,5,0,5,0,5,0,5
7,6,0,6,0,6,0,6,0,6
6,7,0,7,0,7,0,7,0,7
6,5,0,5,0,5,0,5,0,5
0,0,0,0,0,0,0,0,0,0
6,5,0,5,0,5,0,5,0,5
0,0,0,0,0,0,0,0,0,0
5,5,1,5,0,5,0,5,0,5
0,0,0,0,0,0,0,0,0,0
7,0,0,0,0,0,80000,0,0,0
7,7,0,7,0,7,0,7,0,7
5,5,0,5,0,5,0,5,0,5
0,7,0,7,0,7,4,7,0,7
0,0,0,0,0,0,0,0,0,0
0,7,0,7,0,7,0,7,0,7
6,5,0,5,0,5,0,5,0,5
0,0,0,0,0,0,0,0,0,0
7,7,4,7,4000,7,1641,7,8200,7
0,0,0,0,0,0,0,0,0,0
0,6,0,6,0,6,0,6,0,6
7,8,4,8,0,8,4,8,1000,8
4,3,1,3,0,3,0,3,0,3
5,6,1,6,0,6,0,6,0,6
0,0,0,0,0,0,0,0,0,0
0,5,0,5,0,5,0,5,0,5
7,6,0,6,0,6,0,6,0,6
6,7,0,7,0,7,0,7,0,7
0,0,0,0,0,0,0,0,0,0
0,0,0,0,0,0,0,0,0,0
0,6,0,6,0,6,0,6,0,6
0,0,0,0,0,0,0,0,0,0
0,6,0,6,0,6,0,6,0,6
0,0,0,0,0,0,0,0,0,0
7,5,0,5,0,5,0,5,0,5
0,0,0,0,0,0,0,0,0,0
7,6,0,6,0,6,0,6,0,6
0,0,0,0,0,0,0,0,0,0
7,6,0,6,0,6,0,6,0,6
0,6,0,6,0,6,0,6,0,6
7,7,3,7,0,7,0,7,0,7
6,8,0,8,0,8,23024,8,0,8
4,5,1,5,0,5,0,5,0,5
0,0,0,0,0,0,0,0,0,0
5,0,0,0,0,0,0,0,0,0
5,4,0,4,0,4,0,4,0,4
0,6,0,6,0,6,0,6,0,6
0,7,0,7,0,7,0,7,0,7
5,0,0,0,0,0,0,0,0,0
0,0,0,0,0,0,0,0,0,0
7,7,0,7,0,7,0,7,0,7
0,6,0,6,0,6,0,6,0,6
6,6,0,6,0,6,0,6,0,6
0,0,0,0,0,0,0,0,0,0
7,7,3,7,0,7,0,7,6000,7
5,5,0,5,0,5,0,5,0,5
0,0,0,0,0,0,0,0,0,0
5,5,1,5,0,5,0,5,0,5
0,7,0,7,0,7,0,7,0,7
0,0,0,0,0,0,0,0,0,0
6,6,3,6,0,6,0,6,0,6
7,7,0,7,0,7,0,7,0,7
6,6,0,6,0,6,0,6,0,6
5,5,1,5,0,5,0,5,0,5
6,7,0,7,0,7,0,7,0,7
0,0,0,0,0,0,0,0,0,0
0,0,0,0,0,0,0,0,0,0
7,5,0,5,0,5,0,5,0,5
0,5,0,5,0,5,0,5,0,5
5,3,0,3,0,3,0,3,0,3
6,5,0,5,0,5,0,5,0,5
0,0,0,0,0,0,0,0,0,0
7,5,0,5,0,5,0,5,0,5
0,0,0,0,0,0,0,0,0,0
0,0,0,0,0,0,0,0,0,0
7,7,0,7,0,7,0,7,0,7
5,6,0,6,0,6,0,6,0,6
6,5,0,5,0,5,0,5,0,5
0,0,0,0,0,0,0,0,0,0
6,5,0,5,0,5,0,5,0,5
0,6,0,6,0,6,0,6,0,6
4,5,0,5,0,5,0,5,0,5
0,7,0,7,0,7,0,7,0,7
6,8,0,8,0,8,171,8,0,8
5,4,0,4,0,4,0,4,0,4
7,8,0,8,0,8,0,8,0,8
6,6,4,6,0,6,4,6,6000,6
7,5,0,5,0,5,0,5,0,5
0,0,0,0,0,0,0,0,0,0
7,8,0,8,0,8,0,8,0,8
7,6,0,6,0,6,0,6,0,6
6,6,0,6,0,6,0,6,0,6
0,5,0,5,0,5,0,5,0,5
5,5,1,5,0,5,0,5,0,5
0,7,0,7,0,7,0,7,0,7
7,7,0,7,0,7,0,7,0,7
0,7,0,7,0,7,0,7,0,7
5,5,1,5,0,5,2,5,0,5
6,6,0,6,0,6,0,6,0,6
7,6,0,6,0,6,0,6,0,6
0,0,0,0,0,0,0,0,0,0
0,6,0,6,0,6,10000,6,0,6
0,5,0,5,0,5,0,5,0,5
7,5,1,5,0,5,0,5,0,5
0,0,0,0,0,0,0,0,0,0
0,0,0,0,0,0,0,0,0,0
0,0,0,0,0,0,0,0,0,0
0,6,0,6,0,6,0,6,0,6
0,0,0,0,0,0,0,0,0,0
0,0,0,0,0,0,0,0,0,0
5,5,1,5,0,5,0,5,0,5
0,6,0,6,0,6,0,6,0,6
5,5,1,5,0,5,0,5,0,5
0,7,0,7,0,7,0,7,0,7
7,7,4,7,100,7,3022,7,700,7
7,6,0,6,0,6,0,6,0,6
6,6,0,6,0,6,0,6,598,6
7,7,3,7,0,7,2,7,0,7
0,0,0,0,0,0,0,0,0,0
0,0,0,0,0,0,0,0,0,0
0,6,0,6,0,6,0,6,0,6
0,0,0,0,0,0,0,0,0,0
0,0,0,0,0,0,0,0,0,0
7,7,0,7,0,7,0,7,0,7
6,5,0,5,0,5,0,5,0,5
0,7,0,7,0,7,0,7,0,7
6,6,3,6,0,6,0,6,0,6
0,7,0,7,0,7,0,7,0,7
7,7,0,7,0,7,0,7,0,7
7,0,0,0,0,0,0,0,0,0
7,6,0,6,0,6,0,6,0,6
5,6,1,6,358,6,0,6,0,6
0,0,0,0,0,0,0,0,0,0
0,5,0,5,0,5,0,5,0,5
7,7,0,7,0,7,0,7,0,7
0,0,0,0,0,0,0,0,0,0
0,0,0,0,0,0,0,0,0,0
7,8,0,8,0,8,0,8,0,8
6,6,1,6,0,6,0,6,0,6
0,0,0,0,0,0,0,0,0,0
0,0,0,0,0,0,0,0,0,0
6,7,3,7,0,7,5,7,0,7
0,6,0,6,0,6,0,6,0,6
0,0,0,0,0,0,5700,0,0,0
0,0,0,0,0,0,0,0,0,0
5,5,0,5,0,5,0,5,0,5
5,7,0,7,0,7,0,7,0,7
6,7,0,7,0,7,0,7,0,7
0,0,0,0,0,0,0,0,0,0
7,5,0,5,0,5,0,5,0,5
0,0,0,0,0,0,0,0,0,0
6,0,0,0,0,0,0,0,0,0
0,6,0,6,0,6,0,6,0,6
6,6,3,6,0,6,0,6,0,6
6,5,0,5,0,5,0,5,0,5
0,0,0,0,0,0,0,0,0,0
0,0,0,0,0,0,0,0,0,0
5,6,0,6,0,6,0,6,0,6
7,4,0,4,0,4,0,4,0,4
0,0,0,0,0,0,0,0,0,0
0,5,0,5,0,5,0,5,0,5
7,7,0,7,0,7,0,7,0,7
0,0,0,0,0,0,0,0,0,0
6,6,0,6,0,6,0,6,5740,6
5,5,0,5,0,5,0,5,0,5
7,7,0,7,4524,7,7273,7,1001,7
0,5,0,5,0,5,0,5,0,5
7,6,0,6,0,6,0,6,0,6
0,0,0,0,0,0,0,0,0,0
5,6,0,6,0,6,0,6,0,6
7,7,0,7,0,7,0,7,0,7
0,5,0,5,0,5,0,5,0,5
5,4,1,4,0,4,0,4,0,4
7,7,0,7,0,7,0,7,0,7
6,5,0,5,0,5,0,5,0,5
0,0,0,0,0,0,0,0,0,0
5,7,0,7,0,7,0,7,0,7
7,5,0,5,0,5,0,5,0,5
0,0,0,0,0,0,0,0,0,0
6,6,0,6,0,6,0,6,0,6
0,0,0,0,0,0,0,0,0,0
6,4,0,4,0,4,0,4,0,4
0,6,0,6,0,6,0,6,0,6
0,0,0,0,0,0,0,0,0,0
6,7,1,7,0,7,1,7,0,7
5,6,1,6,0,6,0,6,0,6
7,0,0,0,0,0,0,0,0,0
7,7,0,7,0,7,0,7,0,7
0,0,0,0,0,0,0,0,0,0
0,0,0,0,0,0,0,0,0,0
7,6,0,6,0,6,0,6,0,6
0,6,0,6,0,6,171,6,0,6
7,7,0,7,0,7,0,7,0,7
7,7,3,7,0,7,0,7,0,7
6,6,4,6,0,6,43,6,392000,6
5,5,1,5,0,5,0,5,0,5
7,7,0,7,0,7,0,7,0,7
7,7,0,7,0,7,0,7,0,7
7,7,0,7,0,7,29978,7,0,7
0,0,0,0,0,0,0,0,0,0
7,7,0,7,0,7,0,7,0,7
0,6,0,6,0,6,0,6,0,6
0,0,0,0,0,0,0,0,0,0
0,0,0,0,0,0,0,0,0,0
5,5,1,5,0,5,0,5,0,5
0,0,0,0,0,0,0,0,0,0
7,7,0,7,0,7,0,7,0,7
0,0,0,0,0,0,0,0,0,0
5,6,0,6,0,6,0,6,0,6
6,6,0,6,0,6,0,6,0,6
0,0,0,0,0,0,0,0,0,0
0,0,0,0,0,0,0,0,0,0
0,0,0,0,0,0,0,0,0,0
0,6,0,6,0,6,0,6,0,6
0,0,0,0,0,0,0,0,0,0
0,5,0,5,0,5,0,5,0,5
7,7,0,7,0,7,0,7,0,7
0,7,0,7,0,7,1001,7,0,7
5,4,0,4,0,4,0,4,0,4
0,0,0,0,0,0,0,0,0,0
0,0,0,0,0,0,0,0,0,0
6,7,0,7,0,7,0,7,0,7
7,7,0,7,0,7,0,7,0,7
5,4,1,4,0,4,0,4,0,4
0,0,0,0,0,0,0,0,0,0
0,0,0,0,0,0,0,0,0,0
6,7,4,7,100,7,8,7,1172,7
7,7,0,7,0,7,0,7,0,7
7,7,0,7,0,7,0,7,0,7
7,7,0,7,0,7,0,7,0,7
0,0,0,0,0,0,0,0,0,0
5,4,0,4,0,4,0,4,0,4
5,0,0,0,0,0,0,0,0,0
0,7,0,7,0,7,0,7,0,7
5,5,0,5,0,5,0,5,0,5
0,0,0,0,0,0,0,0,0,0
0,0,0,0,0,0,0,0,0,0
5,7,0,7,0,7,0,7,0,7
6,5,0,5,0,5,0,5,0,5
0,0,0,0,0,0,0,0,0,0
6,5,0,5,0,5,0,5,0,5
6,6,0,6,0,6,0,6,0,6
6,6,3,6,100,6,0,6,6000,6
4,5,0,5,0,5,0,5,0,5
0,6,0,6,0,6,0,6,0,6
5,6,0,6,0,6,0,6,0,6
6,6,0,6,0,6,0,6,0,6
0,0,0,0,0,0,0,0,0,0
6,6,3,6,0,6,400,6,2000,6
6,7,0,7,0,7,0,7,0,7
0,7,3,7,1500,7,4,7,600,7
7,8,4,8,14000,8,4689,8,8546,8
0,6,0,6,0,6,0,6,0,6
0,6,0,6,0,6,0,6,0,6
0,7,0,7,0,7,0,7,0,7
6,8,3,8,0,8,0,8,0,8
0,0,0,0,0,0,0,0,0,0
0,0,0,0,0,0,0,0,0,0
7,6,0,6,0,6,0,6,0,6
0,6,0,6,0,6,0,6,0,6
0,0,0,0,0,0,0,0,0,0
5,6,2,6,19,6,0,6,28188,6
0,0,0,0,0,0,0,0,0,0
0,0,0,0,0,0,0,0,0,0
0,5,0,5,0,5,0,5,0,5
0,6,0,6,0,6,0,6,0,6
5,5,0,5,0,5,0,5,0,5
7,8,0,8,0,8,0,8,0,8
0,0,0,0,0,0,0,0,0,0
0,0,0,0,0,0,0,0,0,0
0,6,0,6,0,6,0,6,0,6
0,6,0,6,0,6,0,6,0,6
6,8,3,8,4524,8,7273,8,1001,8
0,0,0,0,0,0,0,0,0,0
5,5,1,5,0,5,0,5,0,5
7,5,0,5,0,5,0,5,0,5
6,6,0,6,0,6,0,6,0,6
7,6,0,6,0,6,0,6,0,6
0,6,0,6,0,6,0,6,0,6
5,5,1,5,0,5,0,5,8094,5
6,5,0,5,0,5,0,5,0,5
0,0,0,0,0,0,0,0,0,0
7,7,0,7,0,7,0,7,0,7
0,0,0,0,0,0,0,0,0,0
7,8,0,8,0,8,29978,8,0,8
0,0,0,0,0,0,0,0,0,0
0,7,0,7,0,7,0,7,0,7
5,4,1,4,0,4,0,4,0,4
6,6,1,6,0,6,0,6,0,6
0,6,0,6,0,6,0,6,0,6
0,7,0,7,0,7,0,7,0,7
0,0,0,0,0,0,0,0,0,0
0,0,0,0,0,0,0,0,0,0
6,5,0,5,0,5,0,5,0,5
0,4,0,4,0,4,0,4,0,4
4,4,0,4,0,4,0,4,0,4
0,0,0,0,0,0,0,0,0,0
5,5,1,5,0,5,0,5,0,5
5,6,0,6,0,6,0,6,0,6
0,7,0,7,0,7,0,7,0,7
5,4,1,4,0,4,0,4,0,4
5,6,0,6,0,6,0,6,0,6
0,0,0,0,0,0,0,0,0,0
0,0,0,0,0,0,0,0,0,0
0,0,0,0,0,0,0,0,0,0
0,5,0,5,0,5,0,5,0,5
5,5,0,5,0,5,0,5,0,5
5,6,0,6,0,6,0,6,0,6
6,5,1,5,0,5,0,5,0,5
5,6,0,6,0,6,0,6,0,6
5,5,0,5,0,5,0,5,0,5
0,0,0,0,0,0,0,0,0,0
5,6,0,6,0,6,0,6,0,6
0,0,0,0,0,0,0,0,0,0
6,5,0,5,0,5,0,5,0,5
6,7,3,7,0,7,400,7,10000,7
0,0,0,0,0,0,0,0,0,0
0,5,0,5,0,5,0,5,0,5
7,7,0,7,0,7,0,7,0,7
0,0,0,0,0,0,0,0,0,0
0,7,0,7,0,7,0,7,0,7
0,6,0,6,0,6,0,6,0,6
7,4,0,4,0,4,0,4,0,4
7,7,0,7,0,7,0,7,0,7
0,0,0,0,0,0,0,0,0,0
6,7,0,7,0,7,0,7,0,7
7,7,0,7,0,7,0,7,0,7
7,7,0,7,0,7,0,7,0,7
0,0,0,0,0,0,0,0,0,0
4,4,1,4,0,4,0,4,0,4
0,0,0,0,0,0,0,0,0,0
0,6,0,6,0,6,0,6,0,6
5,6,3,6,0,6,0,6,0,6
0,5,0,5,0,5,0,5,0,5
7,7,3,7,0,7,0,7,0,7
0,0,0,0,0,0,0,0,0,0
0,0,0,0,0,0,0,0,0,0
0,0,0,0,0,0,0,0,0,0
0,0,0,0,0,0,0,0,0,0
6,8,3,8,0,8,2,8,0,8
7,6,0,6,0,6,0,6,0,6
7,6,0,6,0,6,0,6,0,6
5,0,0,0,0,0,0,0,0,0
5,6,1,6,0,6,0,6,0,6
5,5,0,5,0,5,0,5,0,5
5,6,1,6,0,6,0,6,0,6
6,6,1,6,0,6,0,6,0,6
6,5,0,5,0,5,0,5,0,5
0,6,0,6,0,6,0,6,0,6
7,8,0,8,0,8,0,8,0,8
7,7,0,7,0,7,0,7,0,7
0,6,0,6,0,6,0,6,0,6
6,6,0,6,0,6,0,6,0,6
6,5,0,5,0,5,0,5,0,5
7,7,0,7,0,7,0,7,0,7
0,7,0,7,0,7,0,7,0,7
7,6,0,6,0,6,0,6,0,6
0,0,3,0,0,0,0,0,0,0
5,3,1,3,0,3,0,3,0,3
0,6,0,6,0,6,0,6,0,6
0,0,0,0,0,0,0,0,0,0
7,7,0,7,0,7,0,7,0,7
7,6,0,6,0,6,0,6,0,6
0,0,0,0,0,0,0,0,0,0
6,6,0,6,0,6,0,6,0,6
0,0,0,0,0,0,0,0,0,0
7,6,0,6,0,6,0,6,0,6
0,7,0,7,0,7,0,7,0,7
6,6,0,6,0,6,17,6,0,6
7,7,0,7,0,7,0,7,0,7
7,7,0,7,0,7,0,7,0,7
6,7,0,7,0,7,0,7,0,7
0,7,0,7,0,7,0,7,0,7
5,0,0,0,0,0,0,0,0,0
5,7,0,7,0,7,0,7,0,7
6,8,0,8,0,8,0,8,0,8
0,0,0,0,0,0,0,0,0,0
0,0,0,0,0,0,0,0,0,0
0,8,0,8,0,8,0,8,0,8
0,0,0,0,0,0,0,0,0,0
6,6,0,6,0,6,60000,6,0,6
7,7,0,7,0,7,0,7,0,7
0,0,0,0,0,0,0,0,0,0
5,6,3,6,0,6,2,6,0,6
0,5,0,5,0,5,0,5,0,5
0,7,0,7,0,7,0,7,0,7
0,0,0,0,0,0,0,0,0,0
0,0,0,0,0,0,0,0,0,0
1,7,4,7,509,7,600,7,127000,7
0,6,0,6,0,6,0,6,0,6
8,6,3,6,1500,6,4,6,600,6
5,6,0,6,0,6,0,6,0,6
7,5,0,5,0,5,0,5,0,5
6,6,0,6,0,6,0,6,6321,6
7,7,0,7,0,7,0,7,0,7
0,0,0,0,0,0,0,0,0,0
0,0,0,0,0,0,0,0,0,0
0,0,0,0,0,0,0,0,0,0
0,0,0,0,0,0,0,0,0,0
6,5,0,5,0,5,0,5,0,5
7,5,0,5,0,5,0,5,0,5
7,6,0,6,0,6,23024,6,0,6
7,7,0,7,0,7,0,7,0,7
6,7,3,7,0,7,520,7,0,7
7,7,0,7,0,7,0,7,0,7
6,0,0,0,0,0,0,0,0,0
7,7,0,7,0,7,0,7,0,7
0,0,0,0,0,0,0,0,0,0
0,0,0,0,0,0,0,0,0,0
5,4,1,4,0,4,1,4,0,4
0,0,0,0,0,0,0,0,0,0
0,7,0,7,0,7,0,7,0,7
5,4,0,4,0,4,0,4,0,4
0,0,0,0,0,0,0,0,0,0
6,6,1,6,0,6,0,6,0,6
5,5,2,5,48,5,3,5,5000,5
0,0,0,0,0,0,0,0,0,0
0,0,0,0,0,0,0,0,0,0
7,7,0,7,0,7,1100,7,0,7
7,6,0,6,0,6,0,6,0,6
5,0,0,0,0,0,0,0,0,0
0,0,0,0,0,0,0,0,0,0
0,0,0,0,0,0,840,0,0,0
0,7,0,7,0,7,0,7,0,7
0,0,0,0,0,0,0,0,0,0
6,6,0,6,0,6,0,6,0,6
7,7,0,7,0,7,0,7,0,7
7,8,0,8,50,8,0,8,0,8
0,6,0,6,0,6,0,6,0,6
6,6,3,6,0,6,0,6,0,6
0,5,0,5,0,5,0,5,0,5
4,4,0,4,0,4,0,4,0,4
0,7,0,7,0,7,0,7,0,7
5,5,0,5,0,5,0,5,0,5
7,7,0,7,0,7,0,7,0,7
0,0,0,0,0,0,0,0,0,0
0,0,0,0,0,0,0,0,0,0
6,7,0,7,0,7,0,7,0,7
7,5,3,5,0,5,0,5,0,5
6,7,0,7,0,7,0,7,0,7
0,6,0,6,0,6,0,6,0,6
6,7,0,7,0,7,3500,7,0,7
7,5,0,5,0,5,0,5,0,5
0,0,0,0,0,0,0,0,0,0
6,6,3,6,0,6,4,6,0,6
0,0,0,0,0,0,0,0,0,0
7,7,0,7,0,7,0,7,0,7
1,6,0,6,510,6,0,6,62,6
7,6,0,6,0,6,0,6,0,6
0,0,0,0,0,0,0,0,0,0
0,0,0,0,0,0,0,0,0,0
6,5,0,5,0,5,0,5,0,5
0,8,0,8,0,8,0,8,0,8
7,5,0,5,0,5,0,5,0,5
0,0,0,0,0,0,0,0,0,0
0,0,0,0,0,0,10000,0,0,0
0,0,0,0,0,0,0,0,0,0
4,4,0,4,0,4,0,4,0,4
0,7,0,7,0,7,0,7,0,7
5,5,1,5,0,5,0,5,0,5
0,0,0,0,0,0,0,0,0,0
0,0,0,0,0,0,0,0,0,0
0,5,0,5,0,5,0,5,0,5
7,9,4,9,143,9,61,9,8546,9
0,0,0,0,0,0,0,0,0,0
0,0,0,0,0,0,0,0,0,0
0,0,0,0,0,0,0,0,0,0
0,0,0,0,0,0,0,0,0,0
6,6,0,6,0,6,0,6,0,6
7,6,0,6,0,6,0,6,0,6
6,7,0,7,0,7,0,7,0,7
0,0,0,0,0,0,0,0,0,0
0,7,0,7,0,7,0,7,0,7
7,6,0,6,0,6,0,6,0,6
4,4,0,4,0,4,0,4,0,4
7,7,0,7,0,7,0,7,0,7
6,7,3,7,5300,7,0,7,0,7
0,0,0,0,0,0,0,0,0,0
7,4,1,4,0,4,0,4,0,4
0,6,0,6,0,6,0,6,0,6
5,6,0,6,0,6,0,6,0,6
5,3,0,3,0,3,0,3,0,3
0,0,0,0,0,0,0,0,0,0
6,7,0,7,0,7,0,7,0,7
4,5,4,5,0,5,0,5,1156,5
0,6,0,6,0,6,0,6,0,6
0,0,0,0,0,0,0,0,0,0
7,7,4,7,506,7,615,7,25800,7
6,6,0,6,0,6,0,6,0,6
6,5,3,5,0,5,1,5,415,5
7,7,0,7,0,7,0,7,0,7
0,0,0,0,0,0,0,0,0,0
0,0,0,0,0,0,0,0,0,0
5,5,0,5,0,5,0,5,0,5
0,0,0,0,0,0,0,0,0,0
6,5,0,5,0,5,0,5,0,5
7,5,0,5,0,5,0,5,0,5
0,8,0,8,0,8,0,8,0,8
0,6,0,6,0,6,0,6,0,6
5,5,0,5,0,5,0,5,0,5
5,4,0,4,0,4,0,4,0,4
7,7,0,7,0,7,0,7,0,7
5,5,3,5,0,5,0,5,0,5
7,0,0,0,0,0,0,0,600,0
7,6,0,6,0,6,0,6,0,6
0,0,0,0,0,0,0,0,0,0
7,8,0,8,0,8,0,8,0,8
5,4,1,4,0,4,0,4,0,4
6,8,0,8,0,8,700,8,0,8
5,5,1,5,0,5,0,5,0,5
6,6,0,6,0,6,0,6,0,6
0,7,0,7,0,7,0,7,0,7
5,6,0,6,0,6,0,6,0,6
5,5,1,5,19,5,3,5,200,5
7,7,0,7,0,7,0,7,0,7
4,4,1,4,0,4,0,4,0,4
0,0,0,0,0,0,0,0,0,0
7,7,0,7,0,7,0,7,0,7
0,0,0,0,0,0,0,0,0,0
0,7,0,7,0,7,0,7,0,7
7,7,3,7,0,7,5,7,0,7
6,7,0,7,0,7,0,7,614,7
0,0,0,0,0,0,0,0,0,0
0,0,0,0,0,0,0,0,0,0
4,4,1,4,0,4,0,4,0,4
0,0,0,0,0,0,0,0,0,0
0,0,0,0,0,0,0,0,0,0
0,0,0,0,0,0,0,0,0,0
0,0,0,0,0,0,0,0,0,0
7,5,0,5,0,5,0,5,0,5
0,6,0,6,0,6,0,6,0,6
0,4,0,4,0,4,0,4,0,4
6,6,1,6,0,6,0,6,0,6
5,5,0,5,0,5,0,5,0,5
5,5,1,5,0,5,0,5,0,5
0,7,0,7,0,7,0,7,0,7
6,7,0,7,0,7,0,7,0,7
0,0,0,0,0,0,0,0,0,0
6,6,0,6,0,6,0,6,0,6
6,7,0,7,0,7,0,7,0,7
6,4,1,4,0,4,47,4,294,4
5,6,0,6,0,6,0,6,0,6
6,7,0,7,0,7,0,7,0,7
4,4,0,4,0,4,0,4,0,4
3,4,0,4,0,4,0,4,0,4
5,5,0,5,0,5,0,5,0,5
6,7,0,7,0,7,0,7,0,7
5,6,0,6,0,6,0,6,0,6
0,5,0,5,0,5,0,5,0,5
7,6,0,6,0,6,0,6,0,6
7,6,0,6,0,6,0,6,0,6
0,0,0,0,0,0,0,0,0,0
7,7,0,7,0,7,0,7,0,7
7,6,0,6,0,6,0,6,0,6
6,6,0,6,0,6,0,6,0,6
6,7,0,7,0,7,0,7,0,7
5,6,0,6,0,6,0,6,0,6
6,7,0,7,0,7,0,7,0,7
7,5,3,5,0,5,0,5,0,5
0,0,0,0,0,0,0,0,0,0
4,4,1,4,0,4,0,4,0,4
0,0,0,0,0,0,0,0,0,0
5,4,1,4,0,4,0,4,0,4
0,0,0,0,0,0,0,0,0,0
7,7,0,7,0,7,0,7,0,7
0,0,0,0,0,0,0,0,0,0
6,6,0,6,0,6,59,6,1804,6
0,0,0,0,0,0,0,0,0,0
7,7,0,7,0,7,0,7,0,7
4,6,0,6,0,6,0,6,0,6
0,0,0,0,0,0,0,0,0,0
7,7,0,7,0,7,0,7,0,7
7,7,0,7,0,7,0,7,0,7
0,0,0,0,0,0,0,0,0,0
0,0,0,0,0,0,70000,0,0,0
0,0,0,0,0,0,0,0,0,0
7,7,0,7,0,7,0,7,0,7
5,6,0,6,0,6,0,6,0,6
6,5,0,5,0,5,0,5,0,5
4,5,3,5,0,5,0,5,0,5
0,0,0,0,0,0,0,0,0,0
7,7,4,7,143,7,1223,7,8546,7
6,6,4,6,195,6,306,6,0,6
7,5,0,5,0,5,0,5,0,5
0,0,0,0,0,0,0,0,0,0
7,7,0,7,0,7,0,7,0,7
0,0,0,0,0,0,0,0,0,0
0,0,0,0,0,0,0,0,0,0
7,7,0,7,0,7,0,7,0,7
7,7,0,7,0,7,0,7,0,7
5,5,1,5,0,5,0,5,0,5
0,0,0,0,0,0,0,0,0,0
0,0,0,0,0,0,0,0,0,0
0,6,0,6,0,6,0,6,0,6
0,0,0,0,0,0,0,0,0,0
7,7,0,7,0,7,0,7,0,7
7,5,0,5,0,5,0,5,0,5
5,5,4,5,0,5,5,5,0,5
5,5,0,5,0,5,0,5,0,5
0,0,0,0,0,0,0,0,0,0
6,6,0,6,0,6,0,6,0,6
6,6,1,6,0,6,0,6,0,6
6,5,3,5,0,5,86,5,60000,5
7,6,0,6,0,6,0,6,0,6
7,4,0,4,0,4,0,4,0,4
5,5,0,5,0,5,0,5,0,5
7,7,0,7,0,7,0,7,0,7
7,5,0,5,0,5,0,5,0,5
6,7,4,7,43,7,1641,7,1111,7
0,0,0,0,0,0,0,0,0,0
8,7,4,7,19,7,660,7,15000,7
7,7,0,7,0,7,0,7,0,7
0,0,0,0,0,0,0,0,0,0
5,6,0,6,0,6,0,6,0,6
0,0,0,0,0,0,0,0,0,0
0,0,0,0,0,0,0,0,0,0
6,5,1,5,0,5,1,5,0,5
0,0,0,0,0,0,0,0,0,0
0,6,0,6,0,6,0,6,0,6
0,0,0,0,0,0,0,0,0,0
0,8,0,8,0,8,0,8,0,8
0,5,0,5,0,5,0,5,0,5
0,0,0,0,0,0,0,0,0,0
7,7,0,7,0,7,0,7,0,7
0,0,0,0,0,0,0,0,0,0
7,7,0,7,0,7,0,7,0,7
0,5,0,5,0,5,0,5,0,5
0,0,0,0,0,0,0,0,0,0
6,5,0,5,0,5,0,5,0,5
0,0,0,0,0,0,0,0,0,0
0,0,0,0,0,0,0,0,0,0
6,6,0,6,0,6,0,6,0,6
6,7,1,7,0,7,0,7,0,7
0,5,0,5,0,5,0,5,0,5
0,0,0,0,0,0,0,0,0,0
0,6,0,6,0,6,0,6,0,6
0,0,0,0,0,0,0,0,0,0
7,7,0,7,0,7,0,7,0,7
6,7,0,7,0,7,0,7,0,7
5,5,1,5,0,5,0,5,0,5
0,6,0,6,0,6,0,6,0,6
5,5,0,5,0,5,0,5,0,5
6,7,3,7,19,7,2,7,0,7
6,0,0,0,0,0,0,0,0,0
5,4,0,4,0,4,0,4,0,4
7,7,0,7,0,7,0,7,0,7
7,6,0,6,0,6,0,6,0,6
7,7,0,7,0,7,0,7,0,7
7,7,1,7,0,7,1,7,0,7
6,6,3,6,0,6,0,6,0,6
0,6,0,6,0,6,0,6,0,6
7,7,0,7,0,7,0,7,0,7
0,6,0,6,0,6,0,6,0,6
7,7,0,7,0,7,0,7,0,7
0,0,0,0,0,0,0,0,0,0
6,6,0,6,0,6,0,6,0,6
0,6,0,6,0,6,0,6,0,6
0,0,0,0,0,0,0,0,0,0
0,0,0,0,0,0,0,0,0,0
7,6,0,6,0,6,0,6,0,6
0,7,0,7,0,7,0,7,0,7
0,0,0,0,0,0,0,0,0,0
0,0,0,0,0,0,0,0,0,0
0,0,0,0,0,0,0,0,0,0
5,6,1,6,0,6,1989,6,0,6
6,6,0,6,0,6,0,6,0,6
5,5,0,5,0,5,0,5,0,5
6,6,1,6,0,6,0,6,0,6
0,7,0,7,0,7,0,7,0,7
0,7,0,7,0,7,0,7,0,7
5,3,0,3,0,3,0,3,0,3
6,5,1,5,0,5,0,5,0,5
0,7,0,7,0,7,0,7,0,7
4,4,0,4,0,4,0,4,0,4
0,0,0,0,0,0,0,0,0,0
6,6,0,6,0,6,0,6,0,6
7,7,0,7,0,7,0,7,0,7
0,0,0,0,0,0,0,0,0,0
7,7,0,7,0,7,0,7,0,7
5,6,0,6,0,6,0,6,0,6
5,7,1,7,0,7,0,7,0,7
5,6,0,6,0,6,0,6,0,6
0,6,0,6,0,6,0,6,0,6
5,5,0,5,0,5,0,5,0,5
0,0,0,0,0,0,0,0,0,0
6,6,0,6,0,6,0,6,22,6
6,7,0,7,0,7,0,7,0,7
0,0,0,0,0,0,0,0,0,0
0,0,0,0,0,0,0,0,0,0
0,6,0,6,0,6,0,6,0,6
7,7,0,7,0,7,0,7,0,7
0,0,0,0,0,0,0,0,0,0
0,6,0,6,0,6,0,6,0,6
0,0,0,0,0,0,0,0,0,0
7,8,0,8,0,8,0,8,0,8
7,4,0,4,0,4,0,4,0,4
0,5,0,5,0,5,0,5,0,5
6,8,0,8,0,8,1,8,0,8
0,0,0,0,0,0,1,0,0,0
7,6,0,6,0,6,0,6,0,6
5,5,0,5,0,5,0,5,0,5
7,7,0,7,0,7,0,7,0,7
0,7,0,7,0,7,0,7,0,7
0,6,0,6,0,6,0,6,0,6
5,6,0,6,0,6,0,6,0,6
6,6,3,6,0,6,86,6,60000,6
4,5,0,5,0,5,0,5,0,5
6,6,0,6,0,6,0,6,0,6
0,0,0,0,0,0,0,0,0,0
7,6,0,6,0,6,0,6,0,6
6,7,0,7,0,7,0,7,0,7
0,6,0,6,0,6,0,6,0,6
5,5,0,5,0,5,0,5,0,5
0,0,0,0,0,0,0,0,0,0
6,6,4,6,0,6,65,6,0,6
6,7,0,7,0,7,0,7,0,7
6,6,1,6,0,6,0,6,0,6
7,5,0,5,0,5,0,5,0,5
0,0,0,0,0,0,0,0,0,0
0,0,0,0,0,0,0,0,0,0
0,7,0,7,0,7,0,7,0,7
0,0,0,0,0,0,0,0,0,0
0,0,0,0,0,0,0,0,0,0
6,6,1,6,233,6,2,6,0,6
6,6,4,6,350,6,573,6,65,6
6,6,0,6,0,6,0,6,0,6
0,8,0,8,0,8,0,8,0,8
7,0,0,0,0,0,0,0,0,0
5,5,0,5,9,5,0,5,0,5
0,0,0,0,0,0,0,0,0,0
0,0,0,0,0,0,0,0,0,0
7,7,0,7,0,7,0,7,0,7
0,0,0,0,0,0,0,0,0,0
6,6,0,6,0,6,0,6,3496,6
0,0,0,0,0,0,0,0,0,0
6,7,0,7,0,7,942,7,0,7
0,0,0,0,0,0,0,0,0,0
0,0,0,0,0,0,0,0,0,0
0,0,0,0,0,0,0,0,0,0
5,6,0,6,0,6,0,6,0,6
0,6,0,6,0,6,0,6,0,6
0,0,0,0,0,0,0,0,0,0
0,0,0,0,0,0,0,0,0,0
7,7,0,7,0,7,0,7,0,7
0,8,0,8,0,8,10000,8,0,8
0,6,0,6,0,6,0,6,0,6
5,6,1,6,0,6,0,6,0,6
5,4,0,4,0,4,0,4,0,4
7,7,0,7,0,7,0,7,0,7
6,7,0,7,0,7,0,7,0,7
7,5,0,5,0,5,0,5,0,5
0,5,0,5,0,5,0,5,0,5
6,5,0,5,0,5,0,5,0,5
0,0,0,0,0,0,0,0,0,0
0,0,0,0,0,0,0,0,0,0
7,6,0,6,0,6,0,6,0,6
6,6,0,6,0,6,0,6,0,6
0,6,0,6,0,6,0,6,0,6
5,6,1,6,0,6,0,6,0,6
6,7,0,7,0,7,0,7,0,7
6,7,0,7,0,7,0,7,0,7
0,0,0,0,0,0,0,0,0,0
6,5,0,5,0,5,0,5,0,5
7,8,0,8,0,8,0,8,0,8
0,0,0,0,0,0,0,0,0,0
6,7,0,7,0,7,0,7,0,7
6,6,0,6,0,6,0,6,5740,6
5,4,0,4,0,4,0,4,0,4
0,0,0,0,0,0,0,0,0,0
0,0,0,0,0,0,0,0,0,0
7,7,1,7,0,7,0,7,0,7
0,0,0,0,0,0,0,0,0,0
7,7,0,7,0,7,0,7,0,7
0,0,0,0,0,0,0,0,0,0
0,0,0,0,0,0,0,0,0,0
0,0,0,0,0,0,0,0,0,0
0,5,0,5,0,5,0,5,0,5
0,0,0,0,0,0,0,0,0,0
0,0,0,0,0,0,0,0,0,0
0,0,0,0,0,0,0,0,0,0
5,5,1,5,0,5,0,5,0,5
6,6,1,6,0,6,110000,6,0,6
7,7,0,7,0,7,0,7,0,7
5,5,1,5,0,5,0,5,0,5
0,7,0,7,0,7,0,7,0,7
7,7,0,7,0,7,0,7,0,7
0,6,0,6,0,6,0,6,0,6
0,6,0,6,0,6,0,6,0,6
6,0,0,0,0,0,6700,0,5800,0
0,0,0,0,0,0,0,0,0,0
5,7,1,7,0,7,0,7,0,7
0,0,0,0,0,0,0,0,0,0
6,6,0,6,0,6,0,6,0,6
7,6,0,6,0,6,0,6,0,6
5,6,0,6,0,6,0,6,0,6
0,0,0,0,0,0,0,0,0,0
7,7,0,7,0,7,0,7,0,7
7,7,0,7,0,7,0,7,0,7
6,6,0,6,0,6,0,6,0,6
5,4,1,4,0,4,0,4,0,4
5,5,0,5,0,5,0,5,0,5
7,7,0,7,0,7,0,7,0,7
0,0,0,0,0,0,0,0,0,0
6,6,0,6,0,6,0,6,0,6
6,6,1,6,0,6,10000,6,0,6
0,7,0,7,0,7,0,7,0,7
5,7,0,7,0,7,47,7,417,7
6,6,0,6,0,6,0,6,0,6
0,0,0,0,0,0,45000,0,0,0
0,6,0,6,0,6,0,6,0,6
0,0,0,0,0,0,0,0,0,0
0,0,0,0,0,0,0,0,0,0
5,5,1,5,0,5,0,5,0,5
5,5,0,5,0,5,0,5,0,5
0,0,0,0,0,0,0,0,0,0
0,0,0,0,0,0,0,0,0,0
0,0,0,0,0,0,0,0,0,0
0,7,0,7,0,7,0,7,0,7
5,5,0,5,0,5,0,5,0,5
6,7,0,7,0,7,0,7,0,7
0,0,0,0,0,0,0,0,0,0
6,5,1,5,0,5,0,5,0,5
7,5,0,5,0,5,0,5,0,5
0,0,0,0,0,0,0,0,0,0
7,4,3,4,0,4,0,4,0,4
7,4,0,4,0,4,0,4,0,4
0,0,0,0,0,0,0,0,0,0
0,0,0,0,0,0,0,0,0,0
0,0,0,0,0,0,0,0,0,0
7,5,0,5,0,5,0,5,0,5
0,6,0,6,0,6,0,6,0,6
7,5,0,5,0,5,0,5,0,5
6,7,3,7,0,7,4,7,0,7
6,7,0,7,0,7,0,7,0,7
0,5,0,5,0,5,0,5,0,5
5,5,1,5,0,5,0,5,0,5
0,6,0,6,0,6,0,6,0,6
0,0,0,0,0,0,0,0,0,0
7,7,0,7,0,7,0,7,0,7
0,8,0,8,0,8,2300,8,0,8
7,6,0,6,0,6,0,6,0,6
6,6,0,6,0,6,0,6,0,6
0,5,0,5,0,5,0,5,0,5
0,0,0,0,0,0,0,0,0,0
7,7,0,7,0,7,0,7,0,7
6,5,0,5,0,5,0,5,0,5
5,5,1,5,0,5,0,5,0,5
5,5,0,5,0,5,0,5,0,5
7,7,0,7,0,7,0,7,0,7
0,0,0,0,0,0,0,0,0,0
5,5,0,5,0,5,0,5,0,5
0,7,0,7,0,7,0,7,0,7
5,5,1,5,0,5,0,5,0,5
0,6,0,6,0,6,0,6,0,6
0,7,0,7,0,7,0,7,0,7
7,7,0,7,0,7,0,7,0,7
7,7,0,7,0,7,0,7,0,7
7,8,0,8,0,8,0,8,0,8
0,6,0,6,0,6,0,6,0,6
0,0,0,0,0,0,0,0,0,0
0,0,0,0,0,0,0,0,0,0
6,6,0,6,0,6,0,6,0,6
0,6,0,6,0,6,0,6,0,6
0,0,0,0,0,0,0,0,0,0
0,5,0,5,0,5,0,5,0,5
4,4,1,4,0,4,0,4,0,4
0,5,0,5,0,5,0,5,0,5
7,6,0,6,0,6,0,6,0,6
0,0,0,0,0,0,0,0,0,0
7,7,0,7,0,7,0,7,0,7
0,6,0,6,0,6,0,6,0,6
0,0,0,0,0,0,0,0,0,0
0,0,0,0,0,0,0,0,0,0
5,5,1,5,0,5,1,5,0,5
0,6,0,6,0,6,0,6,0,6
6,6,0,6,0,6,0,6,0,6
5,6,0,6,0,6,0,6,0,6
0,0,0,0,0,0,0,0,0,0
0,0,0,0,0,0,0,0,0,0
0,0,0,0,0,0,0,0,0,0
0,0,0,0,0,0,0,0,0,0
0,5,0,5,0,5,0,5,0,5
6,6,0,6,0,6,0,6,0,6
6,6,0,6,0,6,0,6,0,6
0,0,0,0,0,0,0,0,0,0
0,0,0,0,0,0,0,0,0,0
4,4,0,4,0,4,0,4,0,4
0,0,0,0,0,0,0,0,0,0
6,6,0,6,0,6,0,6,0,6
7,5,0,5,0,5,0,5,0,5
4,4,1,4,0,4,0,4,0,4
0,7,0,7,0,7,0,7,0,7
0,0,0,0,0,0,0,0,0,0
0,7,0,7,0,7,0,7,0,7
0,6,0,6,0,6,0,6,0,6
7,6,0,6,0,6,0,6,0,6
5,7,0,7,0,7,0,7,0,7
0,8,0,8,0,8,0,8,0,8
6,5,3,5,0,5,2,5,0,5
0,0,0,0,0,0,0,0,0,0
6,6,3,6,0,6,113,6,0,6
7,6,1,6,0,6,0,6,0,6
7,7,0,7,0,7,0,7,0,7
0,0,0,0,0,0,0,0,0,0
7,5,0,5,0,5,0,5,0,5
0,0,0,0,0,0,0,0,0,0
0,6,0,6,0,6,0,6,0,6
6,7,1,7,0,7,0,7,0,7
0,5,0,5,0,5,0,5,0,5
4,5,1,5,0,5,0,5,0,5
0,0,0,0,0,0,0,0,0,0
4,4,0,4,0,4,0,4,0,4
7,7,0,7,0,7,0,7,0,7
0,7,0,7,0,7,0,7,0,7
0,0,0,0,0,0,0,0,0,0
0,6,0,6,0,6,0,6,0,6
6,4,0,4,0,4,0,4,0,4
7,6,0,6,0,6,0,6,0,6
0,0,0,0,0,0,0,0,0,0
7,6,3,6,0,6,1,6,0,6
7,5,0,5,0,5,0,5,0,5
0,6,0,6,0,6,0,6,0,6
7,0,0,0,0,0,0,0,0,0
0,0,0,0,0,0,0,0,0,0
5,7,1,7,0,7,0,7,0,7
0,0,0,0,0,0,0,0,0,0
5,5,1,5,0,5,1,5,0,5
6,6,0,6,0,6,0,6,0,6
4,4,0,4,0,4,0,4,0,4
6,6,1,6,0,6,43,6,0,6
7,6,0,6,0,6,0,6,0,6
6,6,0,6,0,6,0,6,0,6
5,6,1,6,0,6,1,6,0,6
0,5,0,5,0,5,0,5,0,5
0,0,0,0,0,0,0,0,0,0
0,0,0,0,0,0,0,0,0,0
6,7,0,7,0,7,0,7,0,7
0,0,0,0,0,0,0,0,0,0
0,7,0,7,0,7,0,7,0,7
5,7,1,7,0,7,0,7,0,7
7,7,0,7,0,7,0,7,0,7
5,6,1,6,0,6,0,6,0,6
7,5,0,5,0,5,0,5,0,5
0,0,0,0,0,0,0,0,0,0
5,6,0,6,0,6,0,6,0,6
0,0,0,0,0,0,0,0,0,0
0,0,0,0,0,0,0,0,0,0
0,0,0,0,0,0,0,0,0,0
0,0,0,0,0,0,0,0,0,0
0,6,0,6,0,6,0,6,0,6
0,7,0,7,0,7,0,7,0,7
0,0,0,0,0,0,0,0,0,0
0,0,0,0,0,0,0,0,0,0
5,5,0,5,0,5,0,5,0,5
0,0,0,0,0,0,0,0,0,0
0,0,0,0,0,0,0,0,0,0
0,5,0,5,0,5,0,5,0,5
0,6,0,6,0,6,0,6,0,6
5,5,0,5,0,5,0,5,0,5
5,5,1,5,0,5,0,5,0,5
6,5,4,5,92,5,5,5,65,5
7,5,0,5,0,5,0,5,0,5
0,6,0,6,0,6,0,6,0,6
7,6,0,6,0,6,0,6,0,6
7,5,0,5,0,5,0,5,0,5
5,5,1,5,0,5,0,5,0,5
7,7,0,7,0,7,0,7,0,7
7,5,0,5,0,5,0,5,0,5
0,0,0,0,0,0,0,0,0,0
0,8,0,8,0,8,10000,8,0,8
4,5,1,5,0,5,0,5,0,5
6,8,0,8,0,8,0,8,0,8
0,0,0,0,0,0,0,0,0,0
5,5,0,5,0,5,0,5,0,5
0,0,0,0,0,0,0,0,0,0
0,0,0,0,0,0,0,0,0,0
0,0,0,0,0,0,0,0,0,0
6,5,0,5,0,5,0,5,0,5
0,0,0,0,0,0,0,0,0,0
6,6,0,6,0,6,2300,6,0,6
7,6,0,6,0,6,0,6,0,6
0,0,0,0,0,0,0,0,0,0
7,6,0,6,0,6,0,6,0,6
5,5,0,5,0,5,0,5,0,5
5,5,0,5,0,5,0,5,0,5
5,4,1,4,0,4,0,4,0,4
0,0,0,0,0,0,0,0,0,0
6,6,0,6,0,6,0,6,0,6
0,6,0,6,0,6,58,6,0,6
0,8,0,8,0,8,0,8,0,8
0,0,0,0,0,0,0,0,0,0
0,5,0,5,0,5,0,5,0,5
0,6,0,6,0,6,0,6,0,6
7,7,0,7,0,7,0,7,0,7
4,5,1,5,0,5,0,5,0,5
5,5,0,5,0,5,0,5,0,5
7,8,0,8,0,8,0,8,0,8
4,5,0,5,0,5,0,5,0,5
7,5,0,5,0,5,0,5,0,5
6,6,4,6,0,6,4,6,0,6
0,7,0,7,0,7,0,7,0,7
6,6,4,6,796,6,14,6,0,6
0,0,0,0,0,0,0,0,0,0
5,5,3,5,0,5,0,5,0,5
0,0,0,0,0,0,0,0,0,0
6,6,4,6,0,6,30,6,1700,6
6,5,0,5,0,5,0,5,0,5
6,5,0,5,0,5,0,5,0,5
0,0,0,0,0,0,0,0,0,0
0,5,0,5,0,5,0,5,0,5
7,5,0,5,0,5,0,5,0,5
0,4,0,4,0,4,0,4,0,4
0,0,0,0,0,0,0,0,0,0
6,5,0,5,0,5,0,5,0,5
6,6,0,6,0,6,0,6,0,6
0,7,0,7,0,7,0,7,0,7
0,0,0,0,0,0,0,0,0,0
0,4,0,4,0,4,0,4,0,4
5,6,1,6,0,6,0,6,0,6
0,0,0,0,0,0,0,0,0,0
6,6,3,6,100,6,0,6,0,6
0,0,0,0,0,0,0,0,0,0
0,6,0,6,0,6,0,6,0,6
7,0,0,0,0,0,0,0,0,0
0,6,0,6,0,6,0,6,0,6
7,7,0,7,0,7,0,7,0,7
0,0,0,0,0,0,10000,0,0,0
0,0,0,0,0,0,0,0,0,0
5,6,0,6,0,6,0,6,0,6
0,8,0,8,0,8,0,8,0,8
6,7,0,7,0,7,0,7,0,7
6,7,0,7,0,7,0,7,0,7
0,0,0,0,0,0,0,0,0,0
0,0,0,0,0,0,0,0,0,0
6,7,0,7,0,7,1,7,0,7
7,7,0,7,0,7,0,7,0,7
0,5,0,5,0,5,0,5,0,5
0,0,0,0,0,0,0,0,0,0
0,5,0,5,0,5,0,5,0,5
6,6,0,6,0,6,47,6,0,6
0,0,0,0,0,0,0,0,0,0
7,4,0,4,0,4,0,4,0,4
0,7,0,7,0,7,0,7,0,7
7,7,0,7,0,7,0,7,0,7
0,0,0,0,0,0,0,0,0,0
0,0,0,0,0,0,0,0,0,0
7,7,0,7,0,7,0,7,0,7
7,7,3,7,0,7,0,7,0,7
5,6,2,6,19,6,3,6,0,6
0,0,0,0,0,0,0,0,0,0
5,5,0,5,0,5,0,5,0,5
6,7,0,7,0,7,0,7,0,7
0,0,0,0,0,0,0,0,0,0
6,5,0,5,0,5,0,5,0,5
0,7,0,7,0,7,0,7,0,7
5,5,1,5,0,5,0,5,0,5
7,6,0,6,0,6,0,6,0,6
0,6,0,6,0,6,5200,6,0,6
0,0,0,0,0,0,0,0,0,0
0,7,0,7,0,7,0,7,0,7
7,6,3,6,0,6,12,6,0,6
0,5,0,5,0,5,0,5,0,5
7,6,0,6,0,6,0,6,0,6
6,7,0,7,0,7,0,7,0,7
5,4,1,4,0,4,0,4,0,4
5,6,1,6,0,6,0,6,0,6
6,4,1,4,0,4,0,4,0,4
0,0,0,0,0,0,0,0,0,0
5,5,2,5,74,5,59,5,1804,5
5,6,4,6,0,6,8,6,1156,6
7,7,0,7,0,7,0,7,0,7
0,4,0,4,0,4,0,4,0,4
7,7,0,7,0,7,0,7,0,7
0,0,0,0,0,0,0,0,0,0
4,4,0,4,0,4,0,4,0,4
6,6,1,6,0,6,1,6,0,6
0,0,0,0,0,0,0,0,0,0
0,7,0,7,0,7,0,7,0,7
6,6,0,6,0,6,0,6,0,6
4,5,0,5,0,5,0,5,0,5
5,6,0,6,0,6,0,6,0,6
6,6,1,6,0,6,0,6,0,6
0,0,0,0,0,0,0,0,0,0
7,6,0,6,0,6,0,6,0,6
0,0,0,0,0,0,0,0,0,0
6,7,0,7,0,7,0,7,0,7
6,5,0,5,0,5,0,5,0,5
5,5,0,5,0,5,0,5,0,5
7,7,3,7,0,7,0,7,0,7
0,0,0,0,0,0,0,0,0,0
7,5,0,5,0,5,0,5,0,5
4,4,1,4,0,4,0,4,0,4
0,0,0,0,0,0,0,0,0,0
0,6,0,6,0,6,0,6,0,6
7,6,0,6,0,6,0,6,0,6
0,0,0,0,0,0,0,0,0,0
0,8,0,8,0,8,0,8,0,8
0,8,0,8,0,8,0,8,0,8
0,6,0,6,0,6,0,6,0,6
6,6,0,6,0,6,0,6,0,6
0,0,0,0,0,0,0,0,0,0
0,0,0,0,0,0,0,0,0,0
6,8,0,8,0,8,0,8,0,8
0,7,0,7,0,7,0,7,0,7
0,5,0,5,0,5,0,5,0,5
5,5,0,5,0,5,0,5,0,5
0,0,0,0,0,0,0,0,0,0
7,7,0,7,0,7,0,7,0,7
0,0,0,0,0,0,0,0,0,0
0,6,0,6,0,6,0,6,0,6
5,6,1,6,0,6,0,6,0,6
7,7,0,7,0,7,0,7,0,7
0,0,0,0,0,0,0,0,0,0
0,0,0,0,0,0,0,0,0,0
6,5,0,5,0,5,0,5,0,5
6,7,0,7,0,7,0,7,0,7
7,7,0,7,0,7,0,7,0,7
0,0,0,0,0,0,0,0,0,0
6,4,1,4,0,4,0,4,3000,4
7,5,0,5,0,5,0,5,0,5
7,5,0,5,0,5,0,5,0,5
7,6,0,6,0,6,0,6,0,6
0,0,0,0,0,0,0,0,0,0
5,5,0,5,0,5,0,5,0,5
7,5,0,5,0,5,0,5,0,5
6,7,0,7,0,7,0,7,0,7
0,6,0,6,0,6,0,6,0,6
0,8,0,8,0,8,0,8,0,8
0,7,0,7,0,7,0,7,0,7
0,5,0,5,0,5,0,5,0,5
0,0,0,0,0,0,0,0,0,0
0,0,0,0,0,0,0,0,0,0
7,6,0,6,0,6,0,6,0,6
7,5,1,5,0,5,0,5,0,5
7,0,0,0,0,0,0,0,0,0
6,6,0,6,0,6,0,6,0,6
7,4,0,4,0,4,0,4,0,4
6,7,0,7,0,7,0,7,0,7
0,0,0,0,0,0,0,0,0,0
0,5,0,5,0,5,0,5,0,5
0,0,0,0,0,0,0,0,0,0
0,7,0,7,0,7,0,7,0,7
7,7,0,7,0,7,0,7,0,7
7,5,0,5,0,5,0,5,0,5
6,8,0,8,0,8,0,8,0,8
6,7,0,7,0,7,0,7,0,7
0,0,0,0,0,0,0,0,0,0
0,0,0,0,0,0,0,0,0,0
6,8,0,8,0,8,0,8,0,8
6,7,0,7,0,7,400,7,0,7
7,7,0,7,0,7,0,7,0,7
7,7,0,7,0,7,0,7,0,7
0,7,0,7,0,7,0,7,0,7
7,0,0,0,0,0,0,0,0,0
0,0,0,0,0,0,0,0,0,0
0,5,0,5,0,5,0,5,0,5
0,6,0,6,0,6,0,6,0,6
0,7,0,7,0,7,0,7,0,7
0,4,0,4,0,4,0,4,0,4
5,7,0,7,0,7,0,7,0,7
0,0,0,0,0,0,0,0,0,0
7,8,0,8,0,8,0,8,0,8
5,5,3,5,233,5,2,5,0,5
7,7,0,7,0,7,0,7,0,7
6,6,0,6,0,6,0,6,0,6
6,4,0,4,0,4,0,4,0,4
6,6,0,6,0,6,42,6,0,6
7,7,0,7,0,7,0,7,0,7
0,4,0,4,0,4,0,4,0,4
4,4,0,4,0,4,0,4,0,4
6,5,0,5,0,5,0,5,0,5
0,7,0,7,0,7,0,7,0,7
0,0,0,0,0,0,0,0,0,0
7,8,0,8,0,8,0,8,0,8
6,5,3,5,100,5,0,5,0,5
7,8,0,8,0,8,0,8,0,8
7,7,0,7,0,7,250000,7,0,7
7,7,0,7,0,7,0,7,0,7
6,7,1,7,0,7,0,7,0,7
7,7,0,7,0,7,0,7,0,7
7,7,0,7,0,7,0,7,0,7
4,5,1,5,0,5,0,5,8094,5
4,4,0,4,0,4,0,4,0,4
0,7,0,7,0,7,0,7,0,7
5,5,1,5,0,5,0,5,1156,5
0,6,0,6,0,6,0,6,0,6
0,0,0,0,0,0,0,0,0,0
7,5,0,5,0,5,0,5,0,5
0,0,0,0,0,0,0,0,0,0
0,0,0,0,0,0,0,0,0,0
6,8,1,8,5300,8,0,8,5500,8
0,0,0,0,0,0,0,0,0,0
0,5,0,5,0,5,0,5,0,5
0,0,0,0,0,0,0,0,0,0
5,5,1,5,0,5,0,5,0,5
6,6,0,6,0,6,0,6,0,6
0,0,0,0,0,0,0,0,0,0
5,6,1,6,3,6,0,6,0,6
7,5,0,5,0,5,0,5,0,5
7,7,0,7,0,7,0,7,0,7
6,7,0,7,0,7,0,7,0,7
0,6,0,6,0,6,0,6,0,6
0,0,0,0,0,0,0,0,0,0
5,5,0,5,0,5,0,5,0,5
0,6,0,6,0,6,0,6,0,6
0,4,0,4,0,4,0,4,0,4
7,6,0,6,0,6,0,6,0,6
0,8,0,8,0,8,0,8,0,8
0,0,0,0,0,0,0,0,0,0
6,0,0,0,0,0,0,0,0,0
6,8,0,8,0,8,23024,8,0,8
0,0,0,0,0,0,0,0,0,0
0,0,0,0,0,0,0,0,0,0
6,5,0,5,0,5,0,5,0,5
7,7,0,7,0,7,0,7,0,7
0,0,0,0,0,0,0,0,0,0
5,0,3,0,0,0,1,0,0,0
0,0,0,0,0,0,0,0,0,0
0,0,0,0,0,0,0,0,0,0
0,0,0,0,0,0,0,0,0,0
5,5,0,5,0,5,0,5,0,5
6,6,0,6,0,6,0,6,0,6
6,7,0,7,0,7,0,7,0,7
0,0,0,0,0,0,0,0,0,0
7,7,0,7,0,7,0,7,0,7
6,7,0,7,0,7,0,7,0,7
0,4,0,4,0,4,0,4,0,4
0,0,0,0,0,0,0,0,0,0
0,0,0,0,0,0,0,0,0,0
7,6,0,6,4524,6,59,6,1001,6
0,0,0,0,0,0,0,0,0,0
7,7,0,7,0,7,0,7,0,7
0,6,0,6,0,6,0,6,0,6
6,5,0,5,0,5,0,5,0,5
5,6,0,6,0,6,0,6,0,6
4,4,0,4,0,4,0,4,0,4
6,6,0,6,0,6,0,6,0,6
0,6,0,6,0,6,0,6,0,6
0,0,0,0,0,0,0,0,0,0
6,6,0,6,0,6,0,6,0,6
4,4,3,4,0,4,7,4,0,4
0,0,0,0,0,0,0,0,0,0
0,5,0,5,0,5,0,5,0,5
6,6,4,6,0,6,4,6,1500,6
7,6,0,6,0,6,0,6,0,6
7,7,0,7,0,7,0,7,0,7
6,5,0,5,0,5,0,5,0,5
5,5,3,5,0,5,0,5,0,5
5,7,0,7,0,7,0,7,0,7
5,5,1,5,0,5,0,5,0,5
0,6,0,6,0,6,0,6,0,6
0,0,0,0,0,0,0,0,0,0
6,7,0,7,0,7,0,7,0,7
0,0,0,0,0,0,0,0,0,0
5,6,0,6,0,6,0,6,0,6
0,0,0,0,0,0,0,0,0,0
0,7,0,7,0,7,0,7,0,7
0,0,0,0,0,0,0,0,0,0
5,6,0,6,0,6,0,6,0,6
6,7,0,7,0,7,1,7,0,7
0,7,0,7,0,7,0,7,0,7
6,6,0,6,0,6,0,6,0,6
0,0,0,0,0,0,0,0,0,0
5,7,0,7,0,7,0,7,0,7
4,4,0,4,0,4,0,4,0,4
6,6,4,6,233,6,104,6,0,6
6,6,1,6,0,6,300,6,0,6
6,6,1,6,0,6,0,6,0,6
0,6,0,6,0,6,0,6,0,6
5,6,1,6,0,6,0,6,0,6
7,7,0,7,0,7,0,7,0,7
0,0,0,0,0,0,0,0,0,0
0,0,0,0,0,0,0,0,0,0
7,7,0,7,0,7,0,7,0,7
0,7,0,7,0,7,0,7,0,7
0,0,0,0,0,0,0,0,0,0
0,5,0,5,0,5,0,5,0,5
7,8,0,8,0,8,0,8,0,8
6,7,0,7,0,7,0,7,0,7
6,6,0,6,0,6,0,6,2550,6
0,0,0,0,0,0,0,0,0,0
0,7,0,7,0,7,0,7,0,7
0,6,0,6,0,6,0,6,0,6
5,5,1,5,0,5,0,5,680,5
7,5,0,5,0,5,0,5,0,5
5,5,0,5,0,5,0,5,139,5
7,6,3,6,0,6,0,6,0,6
6,4,0,4,0,4,0,4,0,4
0,0,0,0,0,0,0,0,0,0
7,5,0,5,0,5,0,5,0,5
6,7,0,7,0,7,0,7,0,7
0,7,0,7,0,7,0,7,0,7
6,7,0,7,0,7,0,7,0,7
0,0,0,0,0,0,0,0,0,0
0,0,0,0,0,0,0,0,0,0
7,7,0,7,0,7,0,7,0,7
6,7,4,7,3100,7,600,7,127000,7
5,6,1,6,0,6,1,6,20000,6
5,6,0,6,0,6,0,6,0,6
0,7,0,7,0,7,0,7,0,7
0,0,0,0,0,0,0,0,0,0
0,6,0,6,0,6,336,6,0,6
0,0,0,0,0,0,0,0,0,0
7,5,0,5,0,5,0,5,0,5
6,6,0,6,0,6,0,6,0,6
6,6,0,6,0,6,0,6,0,6
0,6,0,6,0,6,0,6,0,6
5,6,3,6,0,6,7,6,0,6
6,6,0,6,0,6,0,6,0,6
5,6,0,6,0,6,0,6,0,6
7,6,0,6,0,6,0,6,0,6
6,6,0,6,0,6,0,6,0,6
0,0,0,0,0,0,0,0,0,0
0,0,0,0,0,0,0,0,0,0
0,0,0,0,0,0,0,0,0,0
7,7,0,7,0,7,0,7,0,7
5,6,0,6,0,6,0,6,0,6
7,4,1,4,0,4,0,4,0,4
5,5,0,5,0,5,0,5,0,5
0,7,0,7,0,7,0,7,0,7
6,7,0,7,0,7,0,7,0,7
0,0,0,0,0,0,0,0,0,0
0,0,0,0,0,0,0,0,0,0
0,0,0,0,0,0,0,0,0,0
7,7,0,7,0,7,42578,7,0,7
0,0,0,0,0,0,0,0,0,0
5,6,1,6,0,6,0,6,0,6
0,0,0,0,0,0,0,0,0,0
0,7,0,7,0,7,0,7,0,7
7,7,0,7,0,7,0,7,0,7
0,0,0,0,0,0,0,0,0,0
6,5,0,5,0,5,0,5,0,5
5,6,0,6,0,6,0,6,0,6
6,6,4,6,0,6,4,6,15000,6
0,6,0,6,0,6,0,6,0,6
7,7,0,7,0,7,0,7,0,7
7,7,4,7,0,7,3000,7,10000,7
0,6,0,6,0,6,0,6,0,6
5,6,1,6,4,6,0,6,0,6
7,5,0,5,0,5,0,5,0,5
0,0,0,0,0,0,0,0,0,0
6,5,4,5,0,5,2,5,7900,5
5,7,0,7,0,7,0,7,0,7
0,0,0,0,0,0,0,0,0,0
0,0,0,0,0,0,0,0,0,0
5,6,1,6,0,6,1,6,0,6
7,6,0,6,0,6,0,6,0,6
0,0,0,0,0,0,0,0,0,0
6,5,0,5,0,5,0,5,0,5
0,0,0,0,0,0,0,0,0,0
6,6,0,6,0,6,0,6,0,6
7,8,0,8,0,8,0,8,0,8
5,4,1,4,0,4,0,4,0,4
6,7,3,7,0,7,5,7,0,7
5,5,0,5,0,5,0,5,0,5
0,0,0,0,0,0,0,0,0,0
0,0,0,0,0,0,0,0,0,0
6,6,0,6,0,6,0,6,0,6
0,0,0,0,0,0,0,0,0,0
6,5,0,5,0,5,0,5,0,5
9,9,3,9,26,9,144,9,96,9
0,6,0,6,0,6,0,6,0,6
0,0,0,0,0,0,0,0,0,0
0,0,0,0,0,0,0,0,0,0
7,7,0,7,0,7,0,7,0,7
6,6,0,6,0,6,0,6,0,6
6,6,0,6,0,6,3500,6,0,6
4,4,0,4,0,4,0,4,0,4
7,6,0,6,0,6,0,6,0,6
0,0,0,0,0,0,0,0,0,0
0,7,0,7,0,7,0,7,0,7
5,7,0,7,0,7,0,7,0,7
0,0,0,0,0,0,0,0,0,0
5,7,0,7,0,7,0,7,0,7
4,4,0,4,0,4,0,4,0,4
5,5,0,5,0,5,0,5,0,5
0,0,0,0,0,0,0,0,0,0
6,5,4,5,0,5,1342,5,0,5
6,8,0,8,0,8,0,8,0,8
0,0,0,0,0,0,0,0,0,0
6,6,0,6,0,6,0,6,0,6
7,7,0,7,0,7,0,7,0,7
5,6,1,6,0,6,0,6,0,6
5,5,0,5,0,5,0,5,0,5
6,7,0,7,0,7,0,7,0,7
0,0,0,0,0,0,0,0,0,0
7,5,0,5,0,5,0,5,0,5
0,0,0,0,0,0,0,0,0,0
6,7,0,7,0,7,5600,7,0,7
7,7,0,7,0,7,0,7,0,7
5,6,0,6,0,6,0,6,0,6
5,6,0,6,0,6,0,6,0,6
0,6,0,6,0,6,0,6,0,6
0,0,0,0,0,0,0,0,0,0
4,4,1,4,0,4,0,4,62,4
0,0,0,0,0,0,0,0,0,0
5,0,0,0,0,0,0,0,0,0
0,0,0,0,0,0,0,0,0,0
0,0,0,0,0,0,0,0,0,0
6,6,0,6,0,6,0,6,0,6
4,4,0,4,0,4,0,4,0,4
7,7,0,7,0,7,0,7,0,7
4,5,0,5,0,5,0,5,0,5
0,6,0,6,0,6,0,6,0,6
0,6,0,6,0,6,0,6,0,6
6,7,0,7,0,7,0,7,0,7
6,7,0,7,0,7,0,7,0,7
4,4,1,4,0,4,0,4,0,4
0,5,0,5,0,5,0,5,0,5
7,5,0,5,0,5,0,5,0,5
6,6,0,6,0,6,0,6,15236,6
7,6,0,6,0,6,0,6,0,6
6,5,0,5,0,5,0,5,0,5
7,6,0,6,0,6,0,6,0,6
0,0,0,0,0,0,0,0,0,0
0,0,0,0,0,0,0,0,0,0
7,0,0,0,0,0,0,0,0,0
0,5,0,5,0,5,0,5,0,5
6,7,0,7,0,7,1500,7,0,7
0,6,0,6,0,6,0,6,0,6
6,7,4,7,0,7,400,7,15000,7
0,5,0,5,0,5,0,5,0,5
7,0,0,0,0,0,0,0,0,0
0,8,0,8,0,8,0,8,0,8
6,6,0,6,0,6,0,6,0,6
7,7,0,7,0,7,0,7,0,7
6,6,1,6,0,6,0,6,0,6
0,0,0,0,0,0,0,0,0,0
0,0,0,0,0,0,0,0,0,0
0,4,0,4,0,4,0,4,0,4
0,0,0,0,0,0,0,0,0,0
0,0,0,0,0,0,0,0,0,0
5,5,0,5,0,5,0,5,0,5
6,7,3,7,0,7,400,7,0,7
5,6,0,6,0,6,0,6,0,6
7,6,0,6,0,6,0,6,0,6
0,0,0,0,0,0,0,0,0,0
0,6,0,6,0,6,0,6,0,6
5,6,1,6,0,6,0,6,0,6
0,0,0,0,0,0,0,0,0,0
5,0,0,0,0,0,0,0,0,0
6,7,0,7,0,7,0,7,0,7
7,7,0,7,0,7,0,7,0,7
6,5,0,5,0,5,0,5,0,5
0,5,0,5,0,5,0,5,0,5
5,6,0,6,0,6,0,6,0,6
0,0,0,0,0,0,0,0,0,0
6,6,0,6,0,6,1,6,0,6
7,7,0,7,0,7,0,7,0,7
7,7,0,7,0,7,0,7,0,7
5,5,1,5,0,5,0,5,0,5
6,5,0,5,0,5,0,5,0,5
5,6,1,6,0,6,0,6,0,6
6,6,3,6,0,6,0,6,0,6
0,7,0,7,0,7,0,7,0,7
7,7,0,7,0,7,0,7,0,7
7,6,0,6,0,6,0,6,0,6
6,7,0,7,0,7,0,7,1060,7
7,4,0,4,0,4,0,4,0,4
6,5,3,5,0,5,2460,5,0,5
0,0,0,0,0,0,0,0,0,0
6,5,0,5,0,5,0,5,0,5
0,0,0,0,0,0,0,0,0,0
0,0,0,0,0,0,0,0,0,0
0,5,0,5,0,5,110000,5,0,5
5,5,0,5,0,5,0,5,0,5
5,4,0,4,0,4,0,4,0,4
5,5,0,5,0,5,0,5,0,5
6,7,4,7,0,7,4,7,15000,7
0,5,0,5,0,5,0,5,0,5
0,0,0,0,0,0,0,0,0,0
5,5,1,5,0,5,0,5,0,5
6,0,0,0,0,0,0,0,20000,0
0,0,0,0,0,0,0,0,0,0
0,0,0,0,0,0,0,0,0,0
0,6,0,6,0,6,0,6,0,6
7,5,0,5,0,5,0,5,0,5
6,7,0,7,0,7,0,7,0,7
6,7,0,7,0,7,0,7,0,7
0,0,0,0,0,0,0,0,0,0
0,0,0,0,0,0,0,0,0,0
7,4,0,4,0,4,0,4,0,4
7,7,0,7,0,7,0,7,0,7
0,6,0,6,0,6,0,6,0,6
7,8,0,8,0,8,0,8,0,8
0,6,0,6,0,6,0,6,0,6
5,5,1,5,0,5,1,5,0,5
7,6,0,6,0,6,0,6,0,6
5,5,1,5,0,5,0,5,0,5
0,4,0,4,0,4,0,4,0,4
0,0,0,0,0,0,0,0,0,0
7,0,0,0,0,0,0,0,0,0
7,6,0,6,0,6,0,6,0,6
0,0,0,0,0,0,0,0,0,0
7,7,0,7,0,7,0,7,0,7
6,6,0,6,0,6,0,6,0,6
7,7,0,7,0,7,0,7,0,7
0,5,0,5,0,5,0,5,0,5
0,7,0,7,0,7,0,7,0,7
4,6,0,6,0,6,0,6,0,6
6,6,0,6,0,6,0,6,0,6
6,7,3,7,0,7,0,7,0,7
0,0,0,0,0,0,0,0,0,0
0,4,0,4,0,4,0,4,0,4
0,0,0,0,0,0,0,0,0,0
0,0,0,0,0,0,0,0,0,0
0,5,0,5,0,5,0,5,0,5
5,4,0,4,0,4,0,4,0,4
5,7,0,7,0,7,0,7,0,7
0,4,0,4,0,4,0,4,0,4
4,4,0,4,0,4,0,4,0,4
4,5,0,5,0,5,0,5,0,5
0,8,0,8,0,8,0,8,0,8
6,6,0,6,0,6,0,6,0,6
0,7,0,7,0,7,0,7,0,7
0,6,0,6,0,6,0,6,0,6
5,6,1,6,358,6,110000,6,0,6
7,6,0,6,0,6,0,6,0,6
6,6,0,6,0,6,0,6,0,6
0,0,0,0,0,0,0,0,0,0
0,8,0,8,0,8,0,8,0,8
6,6,0,6,0,6,0,6,0,6
0,0,0,0,0,0,0,0,0,0
0,0,0,0,0,0,0,0,0,0
0,3,0,3,0,3,0,3,0,3
0,6,0,6,0,6,0,6,0,6
0,5,0,5,0,5,0,5,0,5
4,4,0,4,0,4,0,4,0,4
0,6,0,6,0,6,0,6,0,6
6,5,0,5,0,5,0,5,0,5
0,0,0,0,0,0,0,0,0,0
7,8,3,8,0,8,4,8,0,8
0,4,0,4,0,4,0,4,0,4
5,4,0,4,0,4,0,4,0,4
6,5,1,5,0,5,0,5,0,5
0,0,0,0,0,0,0,0,0,0
0,0,0,0,0,0,0,0,0,0
7,6,0,6,0,6,0,6,0,6
0,0,0,0,0,0,0,0,0,0
7,6,0,6,0,6,0,6,0,6
5,6,3,6,62,6,2,6,0,6
6,6,0,6,0,6,0,6,0,6
6,6,0,6,0,6,0,6,0,6
4,4,0,4,0,4,0,4,0,4
6,5,0,5,0,5,0,5,0,5
4,4,1,4,0,4,0,4,0,4
7,7,0,7,0,7,0,7,0,7
0,7,0,7,0,7,0,7,0,7
6,5,1,5,0,5,0,5,0,5
6,7,4,7,100,7,4,7,0,7
0,6,0,6,0,6,0,6,0,6
0,0,0,0,0,0,0,0,0,0
0,0,0,0,0,0,0,0,0,0
0,6,0,6,0,6,0,6,0,6
6,6,0,6,0,6,0,6,0,6
0,5,0,5,0,5,0,5,0,5
7,8,0,8,0,8,3500,8,0,8
7,4,0,4,0,4,0,4,0,4
6,4,0,4,0,4,0,4,0,4
6,6,3,6,0,6,2,6,0,6
5,4,0,4,0,4,0,4,0,4
6,6,0,6,0,6,0,6,0,6
0,8,0,8,0,8,0,8,0,8
0,8,0,8,0,8,0,8,0,8
0,0,0,0,0,0,0,0,0,0
5,6,1,6,0,6,0,6,0,6
0,0,0,0,0,0,0,0,0,0
0,0,0,0,0,0,0,0,0,0
0,0,0,0,0,0,0,0,0,0
0,0,0,0,0,0,0,0,0,0
0,0,0,0,0,0,0,0,0,0
0,0,0,0,0,0,0,0,0,0
0,0,0,0,0,0,0,0,0,0
6,6,1,6,0,6,1,6,0,6
5,3,0,3,0,3,0,3,0,3
5,6,1,6,0,6,0,6,0,6
7,0,0,0,0,0,0,0,0,0
0,0,0,0,0,0,0,0,0,0
0,6,0,6,0,6,0,6,0,6
6,6,0,6,0,6,0,6,0,6
7,6,0,6,0,6,0,6,0,6
0,0,0,0,0,0,0,0,0,0
0,0,0,0,0,0,0,0,0,0
0,0,0,0,0,0,0,0,0,0
7,7,0,7,0,7,0,7,0,7
0,5,0,5,0,5,0,5,0,5
6,5,0,5,0,5,0,5,0,5
0,0,0,0,0,0,0,0,0,0
0,0,0,0,0,0,0,0,0,0
7,7,0,7,0,7,0,7,0,7
5,6,0,6,0,6,0,6,0,6
0,7,0,7,0,7,0,7,0,7
4,4,0,4,0,4,0,4,0,4
6,4,0,4,0,4,0,4,0,4
5,4,0,4,0,4,0,4,6321,4
7,7,0,7,0,7,0,7,0,7
4,4,1,4,0,4,0,4,62,4
5,5,1,5,0,5,0,5,0,5
0,0,0,0,0,0,0,0,0,0
6,6,0,6,0,6,0,6,0,6
7,6,0,6,0,6,0,6,0,6
6,7,0,7,0,7,0,7,0,7
0,0,0,0,0,0,0,0,0,0
7,5,2,5,0,5,0,5,0,5
6,6,1,6,0,6,0,6,0,6
0,0,0,0,0,0,0,0,0,0
0,7,0,7,0,7,0,7,0,7
6,6,0,6,0,6,0,6,0,6
7,7,0,7,0,7,0,7,0,7
6,7,3,7,0,7,0,7,0,7
6,5,0,5,0,5,0,5,0,5
7,0,0,0,0,0,0,0,0,0
0,0,0,0,0,0,0,0,0,0
7,6,0,6,0,6,0,6,0,6
0,0,0,0,0,0,0,0,0,0
5,6,1,6,0,6,0,6,0,6
6,5,0,5,0,5,0,5,0,5
0,0,0,0,0,0,0,0,0,0
6,6,3,6,0,6,17,6,0,6
0,0,0,0,0,0,1,0,0,0
7,7,0,7,0,7,0,7,0,7
5,6,0,6,0,6,0,6,0,6
0,0,0,0,0,0,0,0,0,0
0,6,0,6,0,6,0,6,0,6
6,5,0,5,0,5,0,5,0,5
0,6,0,6,0,6,0,6,0,6
7,7,0,7,0,7,0,7,0,7
0,0,0,0,0,0,0,0,0,0
5,6,1,6,0,6,0,6,0,6
0,0,0,0,0,0,0,0,0,0
0,0,0,0,0,0,0,0,0,0
0,5,0,5,0,5,0,5,0,5
5,5,0,5,0,5,0,5,0,5
7,7,0,7,0,7,0,7,0,7
6,7,0,7,0,7,0,7,0,7
5,6,1,6,0,6,0,6,0,6
0,6,0,6,0,6,0,6,0,6
7,6,0,6,0,6,0,6,0,6
0,0,0,0,0,0,0,0,0,0
7,7,4,7,509,7,600,7,127000,7
0,0,0,0,0,0,0,0,0,0
0,6,0,6,0,6,0,6,0,6
7,8,0,8,0,8,0,8,0,8
0,0,0,0,0,0,0,0,0,0
4,5,0,5,0,5,0,5,0,5
6,7,0,7,0,7,0,7,0,7
6,6,0,6,0,6,0,6,0,6
0,0,0,0,0,0,0,0,0,0
0,0,0,0,0,0,0,0,0,0
0,6,0,6,0,6,0,6,0,6
0,0,0,0,0,0,0,0,0,0
0,0,0,0,0,0,0,0,0,0
0,0,0,0,0,0,0,0,0,0
0,0,0,0,0,0,0,0,0,0
7,5,0,5,0,5,0,5,0,5
0,7,0,7,0,7,0,7,0,7
6,5,0,5,0,5,0,5,0,5
6,6,0,6,100,6,0,6,6000,6
0,5,0,5,0,5,0,5,0,5
0,8,0,8,0,8,0,8,0,8
0,0,0,0,0,0,0,0,0,0
7,7,0,7,0,7,0,7,0,7
0,0,0,0,0,0,0,0,0,0
7,5,0,5,0,5,0,5,0,5
7,7,0,7,0,7,0,7,0,7
0,5,0,5,0,5,0,5,0,5
0,0,0,0,0,0,0,0,0,0
0,0,0,0,0,0,0,0,0,0
0,0,0,0,0,0,0,0,0,0
5,6,1,6,0,6,0,6,0,6
7,7,0,7,0,7,0,7,0,7
7,6,0,6,0,6,0,6,0,6
0,0,0,0,0,0,0,0,0,0
4,3,1,3,0,3,0,3,0,3
5,5,0,5,0,5,0,5,0,5
0,0,0,0,0,0,0,0,0,0
5,6,1,6,0,6,1,6,0,6
0,6,0,6,0,6,0,6,0,6
7,8,1,8,0,8,0,8,0,8
7,7,0,7,0,7,0,7,0,7
0,0,0,0,0,0,0,0,0,0
5,4,1,4,0,4,1,4,0,4
0,5,0,5,0,5,0,5,0,5
0,4,0,4,0,4,0,4,0,4
6,7,0,7,0,7,0,7,0,7
7,8,0,8,0,8,2330,8,0,8
7,7,0,7,0,7,0,7,0,7
0,6,0,6,0,6,0,6,0,6
6,7,0,7,0,7,0,7,0,7
0,0,0,0,0,0,0,0,0,0
0,0,0,0,0,0,0,0,0,0
4,3,0,3,0,3,0,3,0,3
7,6,0,6,0,6,0,6,0,6
5,6,1,6,0,6,0,6,0,6
5,0,0,0,0,0,0,0,0,0
0,5,0,5,0,5,0,5,0,5
5,6,0,6,0,6,0,6,0,6
5,6,3,6,10,6,10,6,0,6
0,0,0,0,0,0,0,0,0,0
7,7,0,7,0,7,0,7,0,7
6,6,1,6,100,6,1,6,0,6
0,7,0,7,0,7,0,7,34000,7
6,6,0,6,0,6,0,6,0,6
5,4,0,4,0,4,0,4,0,4
0,0,0,0,0,0,0,0,0,0
7,7,0,7,0,7,0,7,0,7
5,7,1,7,0,7,1,7,0,7
6,6,0,6,0,6,0,6,0,6
7,6,0,6,0,6,0,6,0,6
0,6,0,6,0,6,0,6,0,6
0,7,0,7,0,7,0,7,0,7
0,7,0,7,0,7,0,7,0,7
0,0,0,0,0,0,0,0,0,0
0,0,0,0,0,0,0,0,0,0
7,8,0,8,0,8,0,8,0,8
0,8,0,8,0,8,1049,8,0,8
5,4,1,4,0,4,0,4,0,4
7,6,4,6,0,6,40912,6,20000,6
4,4,0,4,0,4,0,4,0,4
0,0,0,0,0,0,0,0,0,0
5,5,0,5,0,5,0,5,0,5
0,0,0,0,0,0,0,0,0,0
0,0,0,0,0,0,0,0,0,0
0,6,0,6,0,6,0,6,0,6
0,0,0,0,0,0,0,0,0,0
4,5,1,5,0,5,0,5,0,5
6,5,4,5,200,5,261,5,7900,5
0,6,0,6,0,6,2300,6,0,6
7,5,0,5,0,5,0,5,0,5
5,5,1,5,0,5,0,5,0,5
0,6,0,6,0,6,0,6,0,6
7,7,0,7,0,7,0,7,0,7
7,5,0,5,0,5,0,5,0,5
0,0,0,0,0,0,0,0,0,0
0,6,0,6,0,6,0,6,0,6
7,6,0,6,0,6,0,6,0,6
0,6,0,6,0,6,0,6,0,6
6,7,0,7,0,7,0,7,0,7
6,6,0,6,0,6,0,6,0,6
7,7,0,7,0,7,0,7,0,7
0,0,0,0,0,0,0,0,0,0
6,7,0,7,0,7,0,7,0,7
5,5,0,5,0,5,0,5,0,5
5,5,0,5,0,5,0,5,0,5
0,6,0,6,0,6,0,6,0,6
7,7,0,7,0,7,0,7,0,7
0,6,0,6,0,6,0,6,0,6
0,6,0,6,0,6,0,6,0,6
0,0,0,0,0,0,0,0,0,0
0,6,0,6,0,6,0,6,0,6
4,3,1,3,0,3,0,3,0,3
7,6,0,6,0,6,0,6,0,6
0,0,0,0,0,0,0,0,0,0
6,6,4,6,10,6,300,6,0,6
0,0,0,0,0,0,0,0,0,0
0,0,0,0,0,0,0,0,0,0
0,0,0,0,0,0,0,0,0,0
0,0,0,0,0,0,0,0,0,0
6,5,0,5,0,5,0,5,0,5
0,0,0,0,0,0,0,0,0,0
0,4,0,4,0,4,0,4,0,4
0,0,0,0,0,0,0,0,0,0
5,4,0,4,0,4,0,4,0,4
7,7,0,7,0,7,0,7,0,7
0,7,0,7,0,7,0,7,0,7
0,0,0,0,0,0,0,0,0,0
0,0,0,0,0,0,0,0,0,0
6,5,0,5,0,5,0,5,0,5
0,0,0,0,0,0,0,0,0,0
0,0,0,0,0,0,0,0,0,0
7,7,0,7,0,7,0,7,0,7
5,4,1,4,0,4,0,4,0,4
5,6,0,6,0,6,0,6,0,6
5,7,0,7,0,7,0,7,31,7
0,0,0,0,0,0,0,0,0,0
0,7,0,7,0,7,0,7,0,7
6,7,1,7,100,7,0,7,0,7
6,6,0,6,0,6,0,6,0,6
